,time_second,time_hms
total,1078817.2256660461,11:40:17
random_sampling,190751.86728978157,04:59:11
model_training,92071.94207978249,01:34:31
