,validity_pop,novelty,diversity,validity_sampler
0,0.99015,1,0.0003029843963035904,1
1,0.0,0,0.0,0
2,0.0,0,0.0,0
3,0.0,0,0.0,0
4,0.9915,1,0.000302571860816944,1
5,0.0,0,0.0,0
6,0.0,0,0.0,0
7,0.0,0,0.0,0
8,0.0,0,0.0,0
9,0.99185,1,0.0003024650904874729,1
