,validity_pop,novelty,diversity,validity_sampler
0,0,0.0,0.0,0
1,1,0.9883,0.93695,1
2,1,0.9883,0.93555,1
3,1,0.9853,0.93515,1
4,1,0.98645,0.934,1
5,1,0.9835,0.93345,1
6,1,0.9856,0.93295,1
7,1,0.9851,0.9331,1
8,1,0.9887,0.9381,1
9,1,0.9877,0.93395,1
